step_index,timestamp_perf_counter,execution_time_s,raw_action,applied_delta,executed_delta,target_position,actual_move,retries,raw_action_norm,applied_delta_norm,executed_action_norm,action_delta_norm,done,success,use_action_smoothing,smooth_alpha,max_action_abs,clipped_delta,smoothed_delta,raw_delta_norm,clipped_delta_norm,smoothed_delta_norm,smoothing_delta_norm,step_delta_norm
0,1419.116551091,0.00022158599995236727,"[-0.0029437291166544317, 0.002905765807091746, -0.0003830319472917284, 0.0, 0.0, 0.0, 0.0]","[-0.0029437291166544317, 0.002905765807091746, -0.0003830319472917284]","[-0.0029437291166544317, 0.002905765807091746, -0.0003830319472917284]","[-0.0029436527075043122, 0.15019295114909442, 0.09382543978392296]","[-0.0029437291166544317, 0.002905765807091759, -0.0003830319472917232]",0,0.004154001626209205,0.004154001626209205,0.004154001626209205,0.0,False,True,True,0.6,0.01,"[-0.0029437291166544317, 0.002905765807091746, -0.0003830319472917284]","[-0.0029437291166544317, 0.002905765807091746, -0.0003830319472917284]",0.004154001626209205,0.004154001626209205,0.004154001626209205,0.0,0.0
1,1429.987781062,0.00026363400002082926,"[-0.002885632110814406, 0.007666424511822257, 0.00010594207250202645, 0.0, 0.0, 0.0, 0.0]","[-0.0029088709131504164, 0.005762161029930052, -8.96475354154755e-05]","[-0.0029088709131504164, 0.005762161029930052, -8.96475354154755e-05]","[-0.005843679263318977, 0.1555569966995265, 0.09350021904225499]","[-0.002908870913150417, 0.005762161029930046, -8.96475354154741e-05]",0,0.008192201242471914,0.006455390492047957,0.006455390492047957,0.0019144228229749972,False,True,True,0.6,0.01,"[-0.002885632110814406, 0.007666424511822257, 0.00010594207250202645]","[-0.0029088709131504164, 0.005762161029930052, -8.96475354154755e-05]",0.008192201242471914,0.008192201242471914,0.006455390492047957,0.0019144228229749972,0.0028716342344624946
2,1440.98977601,0.0002283779999743274,"[-0.0008522369064135095, 0.007933877248043073, 0.0014331572690850832, 0.0, 0.0, 0.0, 0.0]","[-0.0016748905091082723, 0.007065190760797865, 0.0008240353472848597]","[-0.0016748905091082723, 0.007065190760797865, 0.0008240353472848597]","[-0.007478726270678924, 0.16195184261176215, 0.09403696761218241]","[-0.001674890509108272, 0.007065190760797868, 0.0008240353472848544]",0,0.008107197770475333,0.007307613355777614,0.007307613355777614,0.001342536658258049,False,True,True,0.6,0.01,"[-0.0008522369064135095, 0.007933877248043073, 0.0014331572690850832]","[-0.0016748905091082723, 0.007065190760797865, 0.0008240353472848597]",0.008107197770475333,0.008107197770475333,0.007307613355777614,0.001342536658258049,0.0020138049873870733
3,1451.463460998,0.00022980099993219483,"[-0.0016655949881738677, 0.012159630480331954, 0.0014331572690850832, 0.0, 0.0, 0.0, 0.0]","[-0.0016693131965476295, 0.008826076304319147, 0.001189508500364994]","[-0.0016693131965476295, 0.008826076304319147, 0.001189508500364994]","[-0.009100820832741182, 0.16998226985294468, 0.09479872705073493]","[-0.0016693131965476293, 0.008826076304319141, 0.0011895085003649913]",0,0.012356567478097599,0.009060969040355043,0.009060969040355043,0.00334244850251799,False,True,True,0.6,0.01,"[-0.0016655949881738677, 0.01, 0.0014331572690850832]","[-0.0016693131965476295, 0.008826076304319147, 0.001189508500364994]",0.012356567478097599,0.01023856173603311,0.009060969040355043,0.0011989476180606555,0.001798421427090985
4,1462.213812005,0.00024682299999767565,"[-0.0007360428947334584, 0.005366330980323247, 0.0010838901120895413, 0.0, 0.0, 0.0, 0.0]","[-0.0011093510154591268, 0.0067502291099216065, 0.0011261374673997224]","[-0.0011093510154591268, 0.0067502291099216065, 0.0011261374673997224]","[-0.01015553476387641, 0.17576102401132038, 0.09539664666243239]","[-0.0011093510154591268, 0.006750229109921596, 0.0011261374673997154]",0,0.0055239555671954986,0.00693285210482776,0.00693285210482776,0.0014339866893162826,False,True,True,0.6,0.01,"[-0.0007360428947334584, 0.005366330980323247, 0.0010838901120895413]","[-0.0011093510154591268, 0.0067502291099216065, 0.0011261374673997224]",0.0055239555671954986,0.0055239555671954986,0.00693285210482776,0.0014339866893162826,0.002150980033974425
5,1472.977040315,0.0003336049999234092,"[-0.0007360428947334584, 0.005259349885834921, 0.0011537435434886504, 0.0, 0.0, 0.0, 0.0]","[-0.0008853661430237257, 0.005855701575469595, 0.0011427011130530791]","[-0.0008853661430237257, 0.005855701575469595, 0.0011427011130530791]","[-0.01099697999493884, 0.18086289313674472, 0.09598215838972561]","[-0.0008853661430237251, 0.005855701575469607, 0.0011427011130530768]",0,0.005434486592923121,0.0060314906931821215,0.0060314906931821215,0.0006148615335829783,False,True,True,0.6,0.01,"[-0.0007360428947334584, 0.005259349885834921, 0.0011537435434886504]","[-0.0008853661430237257, 0.005855701575469595, 0.0011427011130530791]",0.005434486592923121,0.005434486592923121,0.0060314906931821215,0.0006148615335829783,0.0009222923003744675
6,1483.901957358,0.0002274860000852641,"[-0.0006198488830534074, 0.005259349885834921, 0.0010140366806904322, 0.0, 0.0, 0.0, 0.0]","[-0.0007260557870415348, 0.005497890561688791, 0.001065502453635491]","[-0.0007260557870415348, 0.005497890561688791, 0.001065502453635491]","[-0.011682563345557777, 0.18569983390130018, 0.09644163573159531]","[-0.0007260557870415341, 0.005497890561688784, 0.0010655024536354862]",0,0.005391961076383993,0.005647057031136347,0.005647057031136347,0.0002661395992264149,False,True,True,0.6,0.01,"[-0.0006198488830534074, 0.005259349885834921, 0.0010140366806904322]","[-0.0007260557870415348, 0.005497890561688791, 0.001065502453635491]",0.005391961076383993,0.005391961076383993,0.005647057031136347,0.0002661395992264149,0.00039920939883962146
7,1494.778358884,0.00022210599991012714,"[-0.0006198488830534074, 0.005259349885834921, 0.0010140366806904322, 0.0, 0.0, 0.0, 0.0]","[-0.0006623316446486584, 0.005354766156176469, 0.0010346229898684557]","[-0.0006623316446486584, 0.005354766156176469, 0.0010346229898684557]","[-0.012305412719232954, 0.19043070639489695, 0.09683207488009217]","[-0.0006623316446486577, 0.0053547661561764714, 0.00103462298986845]",0,0.005391961076383993,0.0054938737267979,0.0054938737267979,0.0001064558396905658,False,True,True,0.6,0.01,"[-0.0006198488830534074, 0.005259349885834921, 0.0010140366806904322]","[-0.0006623316446486584, 0.005354766156176469, 0.0010346229898684557]",0.005391961076383993,0.005391961076383993,0.0054938737267979,0.0001064558396905658,0.0001596837595358491
8,1505.428196554,0.0003325440000025992,"[-0.00038746085969330445, 0.005045387696858268, -0.006180866753417707, 0.0, 0.0, 0.0, 0.0]","[-0.0004974091736754461, 0.005169139080585548, -0.0032946708561032417]","[-0.0004974091736754461, 0.005169139080585548, -0.0032946708561032417]","[-0.01276343311890355, 0.19499356893432662, 0.09285297326584499]","[-0.0004974091736754463, 0.005169139080585555, -0.0032946708561032434]",0,0.00798806464376118,0.00614998136343106,0.00614998136343106,0.0028909392581645127,False,True,True,0.6,0.01,"[-0.00038746085969330445, 0.005045387696858268, -0.006180866753417707]","[-0.0004974091736754461, 0.005169139080585548, -0.0032946708561032417]",0.00798806464376118,0.00798806464376118,0.00614998136343106,0.0028909392581645127,0.004336408887246768
9,1516.12194762,0.0002565810000305646,"[-0.00038746085969330445, 0.005045387696858268, -0.006180866753417707, 0.0, 0.0, 0.0, 0.0]","[-0.0004314401852861611, 0.00509488825034918, -0.005026388394491921]","[-0.0004314401852861611, 0.00509488825034918, -0.005026388394491921]","[-0.013155730650506394, 0.19949344937609903, 0.08754949044702079]","[-0.00043144018528616136, 0.005094888250349178, -0.005026388394491918]",0,0.00798806464376118,0.007169979582210047,0.007169979582210047,0.0011563757032658053,False,True,True,0.6,0.01,"[-0.00038746085969330445, 0.005045387696858268, -0.006180866753417707]","[-0.0004314401852861611, 0.00509488825034918, -0.005026388394491921]",0.00798806464376118,0.00798806464376118,0.007169979582210047,0.0011563757032658053,0.0017345635548987074
10,1526.77111157,0.0004111410000859905,"[-0.00038746085969330445, 0.005045387696858268, -0.006180866753417707, 0.0, 0.0, 0.0, 0.0]","[-0.0004050525899304471, 0.005065187918254633, -0.005719075409847393]","[-0.0004050525899304471, 0.005065187918254633, -0.005719075409847393]","[-0.013520800577084081, 0.2, 0.0816952600692354]","[-0.00040505258993044774, 0.0011100031977254177, -0.005719075409847396]",0,0.00798806464376118,0.00765036076217084,0.00765036076217084,0.00046255028130632176,False,True,True,0.6,0.01,"[-0.00038746085969330445, 0.005045387696858268, -0.006180866753417707]","[-0.0004050525899304471, 0.005065187918254633, -0.005719075409847393]",0.00798806464376118,0.00798806464376118,0.00765036076217084,0.00046255028130632176,0.0006938254219594834
11,1537.393305712,0.00033756299990272964,"[-0.00038746085969330445, 0.005045387696858268, -0.006180866753417707, 0.0, 0.0, 0.0, 0.0]","[-0.0003944975517881615, 0.005053307785416815, -0.005996150215989581]","[-0.0003944975517881615, 0.005053307785416815, -0.005996150215989581]","[-0.013898211261922339, 0.2, 0.07558750182884649]","[-0.0003944975517881609, 0.0002503020547784396, -0.005996150215989579]",0,0.00798806464376118,0.007851456253793493,0.007851456253793493,0.00018502011252252907,False,True,True,0.6,0.01,"[-0.00038746085969330445, 0.005045387696858268, -0.006180866753417707]","[-0.0003944975517881615, 0.005053307785416815, -0.005996150215989581]",0.00798806464376118,0.00798806464376118,0.007851456253793493,0.00018502011252252907,0.0002775301687837927
12,1548.002139464,0.0002330770000753546,"[-0.0002712668480132534, 0.005045387696858268, -0.0063205736162159215, 0.0, 0.0, 0.0, 0.0]","[-0.00032055912952321663, 0.005048555732281687, -0.006190804256125386]","[-0.00032055912952321663, 0.005048555732281687, -0.006190804256125386]","[-0.014198944875538399, 0.2, 0.06931198728295251]","[-0.0003205591295232166, 0.00019568525149310512, -0.006190804256125379]",0,0.008091920263599034,0.007994793960768168,0.007994793960768168,0.00013885190774061618,False,True,True,0.6,0.01,"[-0.0002712668480132534, 0.005045387696858268, -0.0063205736162159215]","[-0.00032055912952321663, 0.005048555732281687, -0.006190804256125386]",0.008091920263599034,0.008091920263599034,0.007994793960768168,0.00013885190774061618,0.00020827786161092587
13,1558.536255703,0.00021892999984629569,"[-0.0002712668480132534, 0.0034406712795333767, -0.011838994696745465, 0.0, 0.0, 0.0, 0.0]","[-0.00029098376061723866, 0.004083825060632701, -0.008476321702450156]","[-0.00029098376061723866, 0.004083825060632701, -0.008476321702450156]","[-0.01447432915886832, 0.2, 0.06077903056348621]","[-0.0002909837606172392, 0.0002177906004987018, -0.008476321702450156]",0,0.012331812518287981,0.009413305916532307,0.009413305916532307,0.003423682989026288,False,True,True,0.6,0.01,"[-0.0002712668480132534, 0.0034406712795333767, -0.01]","[-0.00029098376061723866, 0.004083825060632701, -0.008476321702450156]",0.012331812518287981,0.010578837580596315,0.009413305916532307,0.0016539743339028523,0.0024809615008542806
14,1569.037416567,0.00022563299989997176,"[-9.697583049317685e-05, 0.0011405777480343654, -0.0147029853841089, 0.0, 0.0, 0.0, 0.0]","[-0.00017457900254280156, 0.0023178766730737, -0.009390528680980063]","[-0.00017457900254280156, 0.0023178766730737, -0.009390528680980063]","[-0.014631882092040341, 0.2, 0.051575286394240596]","[-0.00017457900254280213, 0.00023330933256321407, -0.00939052868098006]",0,0.014747477788297594,0.009673937099651682,0.009673937099651682,0.005441897760324926,False,True,True,0.6,0.01,"[-9.697583049317685e-05, 0.0011405777480343654, -0.01]","[-0.00017457900254280156, 0.0023178766730737, -0.009390528680980063]",0.014747477788297594,0.010065302872294056,0.009673937099651682,0.001327972251185558,0.0019919583767783367
15,1579.568594631,0.00042828400000871625,"[7.731518702689972e-05, -0.0006781008582671783, -0.007717642244198085, 0.0, 0.0, 0.0, 0.0]","[-2.3442488800980794e-05, 0.000520290154269173, -0.008386796818910875]","[-2.3442488800980794e-05, 0.000520290154269173, -0.008386796818910875]","[-0.014636248376673617, 0.2, 0.04348357093223208]","[-2.344248880098085e-05, 0.00025929045524097916, -0.008386796818910872]",0,0.007747760981184083,0.008402952592785716,0.008402952592785716,0.0013762488775745443,False,True,True,0.6,0.01,"[7.731518702689972e-05, -0.0006781008582671783, -0.007717642244198085]","[-2.3442488800980794e-05, 0.000520290154269173, -0.008386796818910875]",0.007747760981184083,0.007747760981184083,0.008402952592785716,0.0013762488775745443,0.0020643733163618174
16,1590.165550525,0.00023162399998000183,"[7.731518702689972e-05, -0.0006781008582671783, -0.004224970674242677, 0.0, 0.0, 0.0, 0.0]","[3.701211669574751e-05, -0.00019874445325263775, -0.0058897011321099564]","[3.701211669574751e-05, -0.00019874445325263775, -0.0058897011321099564]","[-0.014572613149763157, 0.1994977023487937, 0.03777883906231974]","[3.701211669574801e-05, -0.00019874445325263057, -0.005889701132109959]",0,0.004279740133505574,0.005893169663267662,0.005893169663267662,0.001732839980453355,False,True,True,0.6,0.01,"[7.731518702689972e-05, -0.0006781008582671783, -0.004224970674242677]","[3.701211669574751e-05, -0.00019874445325263775, -0.0058897011321099564]",0.004279740133505574,0.004279740133505574,0.005893169663267662,0.001732839980453355,0.002599259970680032
17,1600.853609981,0.00023448899992217775,"[7.731518702689972e-05, -0.0006781008582671783, -0.003177169203256055, 0.0, 0.0, 0.0, 0.0]","[6.119395889443884e-05, -0.00048635829626136206, -0.004262181974797615]","[6.119395889443884e-05, -0.00048635829626136206, -0.004262181974797615]","[-0.014488576146601057, 0.1986988442349315, 0.033442709959956234]","[6.119395889443886e-05, -0.00048635829626136884, -0.0042621819747976145]",0,0.003249646528200629,0.0042902778790233536,0.0042902778790233536,0.0011019427473736335,False,True,True,0.6,0.01,"[7.731518702689972e-05, -0.0006781008582671783, -0.003177169203256055]","[6.119395889443884e-05, -0.00048635829626136206, -0.004262181974797615]",0.003249646528200629,0.003249646528200629,0.0042902778790233536,0.0011019427473736335,0.0016529141210604508
18,1611.465520585,0.0003689320001285523,"[7.731518702689972e-05, -0.0006246103110230154, -0.0024087814578658655, 0.0, 0.0, 0.0, 0.0]","[7.086669577391537e-05, -0.0005693095051183541, -0.0031501416646385655]","[7.086669577391537e-05, -0.0005693095051183541, -0.0031501416646385655]","[-0.01439528132726948, 0.19782194786862803, 0.030066897432410058]","[7.08666957739152e-05, -0.0005693095051183539, -0.003150141664638565]",0,0.0024896473225217417,0.003201956887354958,0.003201956887354958,0.0007434478585342791,False,True,True,0.6,0.01,"[7.731518702689972e-05, -0.0006246103110230154, -0.0024087814578658655]","[7.086669577391537e-05, -0.0005693095051183541, -0.0031501416646385655]",0.0024896473225217417,0.0024896473225217417,0.003201956887354958,0.0007434478585342791,0.0011151717878014184
19,1622.121395019,0.00038020300007701735,"[7.731518702689972e-05, -0.0005711197637788526, -0.002338928026466758, 0.0, 0.0, 0.0, 0.0]","[7.473579052570598e-05, -0.0005703956603146532, -0.0026634134817354813]","[7.473579052570598e-05, -0.0005703956603146532, -0.0026634134817354813]","[-0.014297517434888999, 0.19693497207369798, 0.02707938995873174]","[7.473579052570678e-05, -0.0005703956603146654, -0.0026634134817354813]",0,0.0024088876552706855,0.0027248317420313518,0.0027248317420313518,0.00032449651507079045,False,True,True,0.6,0.01,"[7.731518702689972e-05, -0.0005711197637788526, -0.002338928026466758]","[7.473579052570598e-05, -0.0005703956603146532, -0.0026634134817354813]",0.0024088876552706855,0.0024088876552706855,0.0027248317420313518,0.00032449651507079045,0.0004867447726061853
20,1633.226124783,0.00027818200010187866,"[7.731518702689972e-05, -0.00041064812204636325, -0.0013609799868792433, 0.0, 0.0, 0.0, 0.0]","[7.628342842642223e-05, -0.0004745471373536793, -0.0018819533848217383]","[7.628342842642223e-05, -0.0004745471373536793, -0.0018819533848217383]","[-0.014197629799353802, 0.1961351179715494, 0.02483694319484782]","[7.628342842642272e-05, -0.0004745471373536758, -0.0018819533848217392]",0,0.0014236839687834636,0.0019423600823907647,0.0019423600823907647,0.0005248784907450519,False,True,True,0.6,0.01,"[7.731518702689972e-05, -0.00041064812204636325, -0.0013609799868792433]","[7.628342842642223e-05, -0.0004745471373536793, -0.0018819533848217383]",0.0014236839687834636,0.0014236839687834636,0.0019423600823907647,0.0005248784907450519,0.0007873177361175783
21,1644.79416948,0.0003444870001203526,"[1.9218181186875065e-05, -0.00030366702755803667, -0.0007322991042872703, 0.0, 0.0, 0.0, 0.0]","[4.2044280082693935e-05, -0.0003720190714762937, -0.0011921608165010576]","[4.2044280082693935e-05, -0.0003720190714762937, -0.0011921608165010576]","[-0.01413023492743705, 0.19541264501234426, 0.023216635316723758]","[4.2044280082694646e-05, -0.0003720190714762983, -0.0011921608165010589]",0,0.0007929974654776669,0.001249565253770376,0.001249565253770376,0.00046547376624123636,False,True,True,0.6,0.01,"[1.9218181186875065e-05, -0.00030366702755803667, -0.0007322991042872703]","[4.2044280082693935e-05, -0.0003720190714762937, -0.0011921608165010576]",0.0007929974654776669,0.0007929974654776669,0.001249565253770376,0.00046547376624123636,0.0006982106493618543
22,1656.148613613,0.00033854499997687526,"[1.9218181186875065e-05, -0.00030366702755803667, -0.0007322991042872703, 0.0, 0.0, 0.0, 0.0]","[2.8348620745202615e-05, -0.00033100784512533947, -0.0009162437891727852]","[2.8348620745202615e-05, -0.00033100784512533947, -0.0009162437891727852]","[-0.014090887100880922, 0.1947210300576011, 0.02181659147625658]","[2.8348620745202724e-05, -0.00033100784512535286, -0.0009162437891727868]",0,0.0007929974654776669,0.00097461403592929,0.00097461403592929,0.00018618950649649458,False,True,True,0.6,0.01,"[1.9218181186875065e-05, -0.00030366702755803667, -0.0007322991042872703]","[2.8348620745202615e-05, -0.00033100784512533947, -0.0009162437891727852]",0.0007929974654776669,0.0007929974654776669,0.00097461403592929,0.00018618950649649458,0.0002792842597447418
23,1667.444610365,0.0002793240000755759,"[1.9218181186875065e-05, -0.0002501764803138739, -0.0007322991042872703, 0.0, 0.0, 0.0, 0.0]","[2.2870357010206086e-05, -0.0002825090262384601, -0.0008058769782414762]","[2.2870357010206086e-05, -0.0002825090262384601, -0.0008058769782414762]","[-0.014045300186296511, 0.1940640732499778, 0.020506540680137623]","[2.2870357010205608e-05, -0.00028250902623846996, -0.0008058769782414744]",0,0.0007740927515035315,0.0008542669999453273,0.0008542669999453273,8.045144777958323e-05,False,True,True,0.6,0.01,"[1.9218181186875065e-05, -0.0002501764803138739, -0.0007322991042872703]","[2.2870357010206086e-05, -0.0002825090262384601, -0.0008058769782414762]",0.0007740927515035315,0.0007740927515035315,0.0008542669999453273,8.045144777958323e-05,0.0001206771716693751
24,1678.804030683,0.00034413599996696576,"[0.0001354121928669261, -8.970483858138523e-05, -0.00031317851589262105, 0.0, 0.0, 0.0, 0.996078431372549]","[9.039545852423809e-05, -0.00016682651364421518, -0.0005102579008321631]","[9.039545852423809e-05, -0.00016682651364421518, -0.0005102579008321631]","[-0.013930135970931509, 0.19352164369022695, 0.02]","[9.039545852423773e-05, -0.0001668265136442193, 1.0419343093176492e-07]",0,0.9960784938496567,0.000544394663767139,0.000544394663767139,0.00021636668667686588,False,True,True,0.6,0.01,"[0.0001354121928669261, -8.970483858138523e-05, -0.00031317851589262105]","[9.039545852423809e-05, -0.00016682651364421518, -0.0005102579008321631]",0.00035279484528355384,0.00035279484528355384,0.000544394663767139,0.00021636668667686588,0.0003245500300152989
25,1691.605643681,0.00047503099995083176,"[1.9218181186875065e-05, 1.727625590694135e-05, -3.3764790296189964e-05, 0.0, 0.0, 0.0, 0.996078431372549]","[4.7689092121820274e-05, -5.636485191352126e-05, -0.0002243620345105792]","[4.7689092121820274e-05, -5.636485191352126e-05, -0.0002243620345105792]","[-0.013804911208916405, 0.1932174833339818, 0.02]","[4.768909212182065e-05, -5.6364851913515146e-05, 0.00044097880202592296]",0,0.9960784322800421,0.00023619815530262505,0.00023619815530262505,0.0002063029690348884,False,True,True,0.6,0.01,"[1.9218181186875065e-05, 1.727625590694135e-05, -3.3764790296189964e-05]","[4.7689092121820274e-05, -5.636485191352126e-05, -0.0002243620345105792]",4.251903773651714e-05,4.251903773651714e-05,0.00023619815530262505,0.0002063029690348884,0.0003094544535523326
26,1704.528039823,0.00043590800009951636,"[1.9218181186875065e-05, 1.727625590694135e-05, -3.3764790296189964e-05, 0.0, 0.0, 0.0, 0.996078431372549]","[3.060654556085315e-05, -1.2180187221243695e-05, -0.00011000368798194566]","[3.060654556085315e-05, -1.2180187221243695e-05, -0.00011000368798194566]","[-0.01378279902445375, 0.19295195184362351, 0.02]","[3.060654556085243e-05, -1.2180187221239036e-05, 0.00047792109260946444]",0,0.9960784322800421,0.00011483000026797172,0.00011483000026797172,8.252118761395536e-05,False,True,True,0.6,0.01,"[1.9218181186875065e-05, 1.727625590694135e-05, -3.3764790296189964e-05]","[3.060654556085315e-05, -1.2180187221243695e-05, -0.00011000368798194566]",4.251903773651714e-05,4.251903773651714e-05,0.00011483000026797172,8.252118761395536e-05,0.00012378178142093303
27,1717.517784284,0.0003760559998227109,"[1.9218181186875065e-05, 1.727625590694135e-05, -3.3764790296189964e-05, 0.0, 0.0, 0.0, 0.996078431372549]","[2.37735269364663e-05, 5.493678655667332e-06, -6.426034937049225e-05]","[2.37735269364663e-05, 5.493678655667332e-06, -6.426034937049225e-05]","[-0.013759345905651256, 0.19269170684535655, 0.02]","[2.3773526936466186e-05, 5.4936786556547546e-06, 0.0004820912592994747]",0,0.9960784322800421,6.873684302750852e-05,6.873684302750852e-05,3.300847504558215e-05,False,True,True,0.6,0.01,"[1.9218181186875065e-05, 1.727625590694135e-05, -3.3764790296189964e-05]","[2.37735269364663e-05, 5.493678655667332e-06, -6.426034937049225e-05]",4.251903773651714e-05,4.251903773651714e-05,6.873684302750852e-05,3.300847504558215e-05,4.9512712568373206e-05
28,1730.450939195,0.0002495090000138589,"[1.9218181186875065e-05, 1.727625590694135e-05, -3.3764790296189964e-05, 0.0, 0.0, 0.0, 0.996078431372549]","[2.104031948671156e-05, 1.2563225006431743e-05, -4.596301392591088e-05]","[2.104031948671156e-05, 1.2563225006431743e-05, -4.596301392591088e-05]","[-0.013730989397583946, 0.19243514609124807, 0.02]","[2.104031948671134e-05, 1.2563225006423373e-05, 0.000481866541349147]",0,0.9960784322800421,5.2087698315615786e-05,5.2087698315615786e-05,1.3203390018232861e-05,False,True,True,0.6,0.01,"[1.9218181186875065e-05, 1.727625590694135e-05, -3.3764790296189964e-05]","[2.104031948671156e-05, 1.2563225006431743e-05, -4.596301392591088e-05]",4.251903773651714e-05,4.251903773651714e-05,5.2087698315615786e-05,1.3203390018232861e-05,1.9805085027349288e-05
29,1743.474362097,0.0003686820000439184,"[1.9218181186875065e-05, 1.727625590694135e-05, -3.3764790296189964e-05, 0.0, 0.0, 0.0, 0.996078431372549]","[1.9947036506809664e-05, 1.5391043546737507e-05, -3.864407974807833e-05]","[1.9947036506809664e-05, 1.5391043546737507e-05, -3.864407974807833e-05]","[-0.013702849626062885, 0.19218473941587508, 0.02]","[1.9947036506809054e-05, 1.539104354672527e-05, 0.00048017143669351614]",0,0.9960784322800421,4.61316961148992e-05,4.61316961148992e-05,5.2813560072931455e-06,False,True,True,0.6,0.01,"[1.9218181186875065e-05, 1.727625590694135e-05, -3.3764790296189964e-05]","[1.9947036506809664e-05, 1.5391043546737507e-05, -3.864407974807833e-05]",4.251903773651714e-05,4.251903773651714e-05,4.61316961148992e-05,5.2813560072931455e-06,7.922034010939716e-06
30,1756.504360879,0.000438593000126275,"[1.9218181186875065e-05, 1.727625590694135e-05, -3.3764790296189964e-05, 0.0, 0.0, 0.0, 0.996078431372549]","[1.9509723314848906e-05, 1.6522170962859814e-05, -3.571650607694531e-05]","[1.9509723314848906e-05, 1.6522170962859814e-05, -3.571650607694531e-05]","[-0.013673020890409988, 0.1919351327312109, 0.02]","[1.950972331484814e-05, 1.6522170962846028e-05, 0.0004788196453102793]",0,0.9960784322800421,4.3923572754187454e-05,4.3923572754187454e-05,2.112542402917259e-06,False,True,True,0.6,0.01,"[1.9218181186875065e-05, 1.727625590694135e-05, -3.3764790296189964e-05]","[1.9509723314848906e-05, 1.6522170962859814e-05, -3.571650607694531e-05]",4.251903773651714e-05,4.251903773651714e-05,4.3923572754187454e-05,2.112542402917259e-06,3.168813604375886e-06
31,1769.466621233,0.00022775699994781462,"[1.9218181186875065e-05, 1.727625590694135e-05, -3.3764790296189964e-05, 0.0, 0.0, 0.0, 0.996078431372549]","[1.93347980380646e-05, 1.6974621929308736e-05, -3.454547660849211e-05]","[1.93347980380646e-05, 1.6974621929308736e-05, -3.454547660849211e-05]","[-0.01364110659567873, 0.1916859246139499, 0.02]","[1.9334798038063775e-05, 1.6974621929316536e-05, 0.0004773697168707451]",0,0.9960784322800421,4.3073915063801566e-05,4.3073915063801566e-05,8.450169611669087e-07,False,True,True,0.6,0.01,"[1.9218181186875065e-05, 1.727625590694135e-05, -3.3764790296189964e-05]","[1.93347980380646e-05, 1.6974621929308736e-05, -3.454547660849211e-05]",4.251903773651714e-05,4.251903773651714e-05,4.3073915063801566e-05,8.450169611669087e-07,1.2675254417503505e-06
32,1782.379414764,0.00036528599980556464,"[1.9218181186875065e-05, 1.727625590694135e-05, -3.3764790296189964e-05, 0.0, 0.0, 0.0, 0.996078431372549]","[1.926482792735088e-05, 1.7155602315888304e-05, -3.407706482111082e-05]","[1.926482792735088e-05, 1.7155602315888304e-05, -3.407706482111082e-05]","[-0.013608952244860549, 0.19143829115667374, 0.02]","[1.9264827927351416e-05, 1.7155602315882534e-05, 0.0004757354110796544]",0,0.9960784322800421,4.273984830007635e-05,4.273984830007635e-05,3.380067844667614e-07,False,True,True,0.6,0.01,"[1.9218181186875065e-05, 1.727625590694135e-05, -3.3764790296189964e-05]","[1.926482792735088e-05, 1.7155602315888304e-05, -3.407706482111082e-05]",4.251903773651714e-05,4.251903773651714e-05,4.273984830007635e-05,3.380067844667614e-07,5.070101767001473e-07
33,1795.301912414,0.00031316699983108265,"[1.9218181186875065e-05, 1.727625590694135e-05, -3.3764790296189964e-05, 0.0, 0.0, 0.0, 0.996078431372549]","[1.9236839883065392e-05, 1.7227994470520133e-05, -3.388970010615831e-05]","[1.9236839883065392e-05, 1.7227994470520133e-05, -3.388970010615831e-05]","[-0.013576052138030457, 0.19119284195777225, 0.02]","[1.9236839883064738e-05, 1.7227994470514485e-05, 0.00047407509442276563]",0,0.9960784322800421,4.260717751093487e-05,4.260717751093487e-05,1.352027137867069e-07,False,True,True,0.6,0.01,"[1.9218181186875065e-05, 1.727625590694135e-05, -3.3764790296189964e-05]","[1.9236839883065392e-05, 1.7227994470520133e-05, -3.388970010615831e-05]",4.251903773651714e-05,4.251903773651714e-05,4.260717751093487e-05,1.352027137867069e-07,2.028040706800545e-07
34,1808.34441884,0.000315662000048178,"[1.9218181186875065e-05, 1.727625590694135e-05, -3.3764790296189964e-05, 0.0, 0.0, 0.0, 0.996078431372549]","[1.92256446653512e-05, 1.7256951332372862e-05, -3.3814754220177305e-05]","[1.92256446653512e-05, 1.7256951332372862e-05, -3.3814754220177305e-05]","[-0.01355180851599587, 0.19094752518563549, 0.02]","[1.92256446653518e-05, 1.7256951332367265e-05, 0.0004727476877781113]",0,0.9960784322800421,4.25542640055874e-05,4.25542640055874e-05,5.408108551468613e-08,False,True,True,0.6,0.01,"[1.9218181186875065e-05, 1.727625590694135e-05, -3.3764790296189964e-05]","[1.92256446653512e-05, 1.7256951332372862e-05, -3.3814754220177305e-05]",4.251903773651714e-05,4.251903773651714e-05,4.25542640055874e-05,5.408108551468613e-08,8.112162827202078e-08
35,1822.04367726,0.0005265180000151304,"[1.9218181186875065e-05, 1.727625590694135e-05, -3.3764790296189964e-05, 0.0, 0.0, 0.0, 0.996078431372549]","[1.922116657826552e-05, 1.7268534077113956e-05, -3.37847758657849e-05]","[1.922116657826552e-05, 1.7268534077113956e-05, -3.37847758657849e-05]","[-0.013527527180698337, 0.19070304374812863, 0.02]","[1.9221166578264892e-05, 1.7268534077102826e-05, 0.0004713113543237668]",0,0.9960784322800421,4.253312349338101e-05,4.253312349338101e-05,2.1632434205875554e-08,False,True,True,0.6,0.01,"[1.9218181186875065e-05, 1.727625590694135e-05, -3.3764790296189964e-05]","[1.922116657826552e-05, 1.7268534077113956e-05, -3.37847758657849e-05]",4.251903773651714e-05,4.251903773651714e-05,4.253312349338101e-05,2.1632434205875554e-08,3.244865130881057e-08
36,1835.99444782,0.0003038899999410205,"[1.9218181186875065e-05, 1.727625590694135e-05, -3.3764790296189964e-05, 0.0, 0.0, 0.0, 0.996078431372549]","[1.921937534343125e-05, 1.7273167175010392e-05, -3.377278452402794e-05]","[1.921937534343125e-05, 1.7273167175010392e-05, -3.377278452402794e-05]","[-0.01350500748257187, 0.1904590810396216, 0.02]","[1.9219375343430822e-05, 1.7273167175008153e-05, 0.00046992822721106733]",0,0.9960784322800421,4.2524671278611556e-05,4.2524671278611556e-05,8.652973682348334e-09,False,True,True,0.6,0.01,"[1.9218181186875065e-05, 1.727625590694135e-05, -3.3764790296189964e-05]","[1.921937534343125e-05, 1.7273167175010392e-05, -3.377278452402794e-05]",4.251903773651714e-05,4.251903773651714e-05,4.2524671278611556e-05,8.652973682348334e-09,1.2979460523527221e-08
37,1849.996358361,0.00023866800006544509,"[1.9218181186875065e-05, 1.727625590694135e-05, -3.3764790296189964e-05, 0.0, 0.0, 0.0, 0.996078431372549]","[1.921865884949754e-05, 1.7275020414168968e-05, -3.3767987987325155e-05]","[1.921865884949754e-05, 1.7275020414168968e-05, -3.3767987987325155e-05]","[-0.013485268393568953, 0.19021648369960426, 0.02]","[1.9218658849497194e-05, 1.7275020414181386e-05, 0.0004683479256043198]",0,0.9960784322800421,4.2521291031616864e-05,4.2521291031616864e-05,3.4611894729405307e-09,False,True,True,0.6,0.01,"[1.9218181186875065e-05, 1.727625590694135e-05, -3.3764790296189964e-05]","[1.921865884949754e-05, 1.7275020414168968e-05, -3.3767987987325155e-05]",4.251903773651714e-05,4.251903773651714e-05,4.2521291031616864e-05,3.4611894729405307e-09,5.191784209407803e-09
38,1864.286700243,0.00021501399987755576,"[1.9218181186875065e-05, 1.727625590694135e-05, -3.3764790296189964e-05, 0.0, 0.0, 0.0, 0.996078431372549]","[1.9218372251924054e-05, 1.72757617098324e-05, -3.376606937264404e-05]","[1.9218372251924054e-05, 1.72757617098324e-05, -3.376606937264404e-05]","[-0.013472326085809, 0.18997519904504973, 0.02]","[1.9218372251923396e-05, 1.7275761709845128e-05, 0.00046665720486531795]",0,0.9960784322800421,4.251993903507677e-05,4.251993903507677e-05,1.3844757891732793e-09,False,True,True,0.6,0.01,"[1.9218181186875065e-05, 1.727625590694135e-05, -3.3764790296189964e-05]","[1.9218372251924054e-05, 1.72757617098324e-05, -3.376606937264404e-05]",4.251903773651714e-05,4.251903773651714e-05,4.251993903507677e-05,1.3844757891732793e-09,2.0767136837672516e-09
39,1877.175965119,0.000323546999879909,"[1.9218181186875065e-05, 1.727625590694135e-05, -3.3764790296189964e-05, 0.0, 0.0, 0.0, 0.996078431372549]","[1.921825761289466e-05, 1.727605822809777e-05, -3.3765301926771595e-05]","[1.921825761289466e-05, 1.727605822809777e-05, -3.3765301926771595e-05]","[-0.01346678440840979, 0.18973698135665076, 0.02]","[1.9218257612894224e-05, 1.7276058228099522e-05, 0.0004647886724037237]",0,0.9960784322800421,4.251939825282401e-05,4.251939825282401e-05,5.537903156704154e-10,False,True,True,0.6,0.01,"[1.9218181186875065e-05, 1.727625590694135e-05, -3.3764790296189964e-05]","[1.921825761289466e-05, 1.727605822809777e-05, -3.3765301926771595e-05]",4.251903773651714e-05,4.251903773651714e-05,4.251939825282401e-05,5.537903156704154e-10,8.306854735028638e-10
40,1888.78035243,0.00021212799993008957,"[1.9218181186875065e-05, 1.727625590694135e-05, -3.3764790296189964e-05, 0.0, 0.0, 0.0, 0.996078431372549]","[1.9218211757282903e-05, 1.727617683540392e-05, -3.376499494842262e-05]","[1.9218211757282903e-05, 1.727617683540392e-05, -3.376499494842262e-05]","[-0.01334267178039375, 0.18841501920659734, 0.02]","[1.921821175728325e-05, 1.7276176835390178e-05, 0.0007258371188975758]",0,0.9960784322800421,4.251918194254116e-05,4.251918194254116e-05,2.2151612626893446e-10,False,True,True,0.6,0.01,"[1.9218181186875065e-05, 1.727625590694135e-05, -3.3764790296189964e-05]","[1.9218211757282903e-05, 1.727617683540392e-05, -3.376499494842262e-05]",4.251903773651714e-05,4.251903773651714e-05,4.251918194254116e-05,2.2151612626893446e-10,3.3227418940148094e-10
41,1900.049259207,0.0002848639999228908,"[1.9218181186875065e-05, 1.727625590694135e-05, -3.3764790296189964e-05, 0.0, 0.0, 0.0, 0.996078431372549]","[1.92181934150382e-05, 1.7276224278326378e-05, -3.376487215708303e-05]","[1.92181934150382e-05, 1.7276224278326378e-05, -3.376487215708303e-05]","[-0.013296282475710807, 0.1880484193970277, 0.02]","[1.921819341503886e-05, 1.7276224278328645e-05, 0.0006012584571594461]",0,0.9960784322800421,4.2519095418846954e-05,4.2519095418846954e-05,8.860645051050686e-11,False,True,True,0.6,0.01,"[1.9218181186875065e-05, 1.727625590694135e-05, -3.3764790296189964e-05]","[1.92181934150382e-05, 1.7276224278326378e-05, -3.376487215708303e-05]",4.251903773651714e-05,4.251903773651714e-05,4.2519095418846954e-05,8.860645051050686e-11,1.3290967575842762e-10
42,1911.294684671,0.00033233400017707027,"[1.9218181186875065e-05, 1.727625590694135e-05, -3.3764790296189964e-05, 0.0, 0.0, 0.0, 0.996078431372549]","[1.921818607814032e-05, 1.7276243255495362e-05, -3.376482304054719e-05]","[1.921818607814032e-05, 1.7276243255495362e-05, -3.376482304054719e-05]","[-0.013249834049373124, 0.18768040257037855, 0.02]","[1.921818607814041e-05, 1.7276243255481827e-05, 0.000582632159027395]",0,0.9960784322800421,4.25190608094363e-05,4.25190608094363e-05,3.5442580205399976e-11,False,True,True,0.6,0.01,"[1.9218181186875065e-05, 1.727625590694135e-05, -3.3764790296189964e-05]","[1.921818607814032e-05, 1.7276243255495362e-05, -3.376482304054719e-05]",4.251903773651714e-05,4.251903773651714e-05,4.25190608094363e-05,3.5442580205399976e-11,5.3163870305106886e-11
43,1922.506172946,0.00029406199996628857,"[1.9218181186875065e-05, 1.727625590694135e-05, -3.3764790296189964e-05, 0.0, 0.0, 0.0, 0.996078431372549]","[1.921818314338117e-05, 1.7276250846362957e-05, -3.376480339393285e-05]","[1.921818314338117e-05, 1.7276250846362957e-05, -3.376480339393285e-05]","[-0.013203525050115489, 0.1873137679702385, 0.02]","[1.9218183143380335e-05, 1.7276250846354202e-05, 0.0005777501628951159]",0,0.9960784322800421,4.2519046965682764e-05,4.2519046965682764e-05,1.4177032079359098e-11,False,True,True,0.6,0.01,"[1.9218181186875065e-05, 1.727625590694135e-05, -3.3764790296189964e-05]","[1.921818314338117e-05, 1.7276250846362957e-05, -3.376480339393285e-05]",4.251903773651714e-05,4.251903773651714e-05,4.2519046965682764e-05,1.4177032079359098e-11,2.1265548126040874e-11
44,1933.730028756,0.00031922900006975397,"[1.9218181186875065e-05, 1.727625590694135e-05, -3.3764790296189964e-05, 0.0, 0.0, 0.0, 0.996078431372549]","[1.921818196947751e-05, 1.7276253882709993e-05, -3.3764795535287125e-05]","[1.921818196947751e-05, 1.7276253882709993e-05, -3.3764795535287125e-05]","[-0.013157355481622909, 0.18694851812442095, 0.02]","[1.9218181969477346e-05, 1.7276253882703152e-05, 0.0005741360262004301]",0,0.9960784322800421,4.2519041428183066e-05,4.2519041428183066e-05,5.670812837367899e-12,False,True,True,0.6,0.01,"[1.9218181186875065e-05, 1.727625590694135e-05, -3.3764790296189964e-05]","[1.921818196947751e-05, 1.7276253882709993e-05, -3.3764795535287125e-05]",4.251903773651714e-05,4.251903773651714e-05,4.2519041428183066e-05,5.670812837367899e-12,8.5062192419912e-12
45,1944.947881612,0.0002278080000905902,"[1.9218181186875065e-05, 1.727625590694135e-05, -3.3764790296189964e-05, 0.0, 0.0, 0.0, 0.996078431372549]","[1.9218181499916043e-05, 1.7276255097248808e-05, -3.3764792391828826e-05]","[1.9218181499916043e-05, 1.7276255097248808e-05, -3.3764792391828826e-05]","[-0.013111324981564889, 0.18658465101702065, 0.02]","[1.9218181499915457e-05, 1.7276255097259385e-05, 0.0005706610631095732]",0,0.9960784322800421,4.251903921318345e-05,4.251903921318345e-05,2.2683251325365196e-12,False,True,True,0.6,0.01,"[1.9218181186875065e-05, 1.727625590694135e-05, -3.3764790296189964e-05]","[1.9218181499916043e-05, 1.7276255097248808e-05, -3.3764792391828826e-05]",4.251903773651714e-05,4.251903773651714e-05,4.251903921318345e-05,2.2683251325365196e-12,3.4024877048313793e-12
46,1956.286741562,0.0002867279999918537,"[1.9218181186875065e-05, 1.727625590694135e-05, -3.3764790296189964e-05, 0.0, 0.0, 0.0, 0.996078431372549]","[1.9218181312091458e-05, 1.7276255583064334e-05, -3.376479113444551e-05]","[1.9218181312091458e-05, 1.7276255583064334e-05, -3.376479113444551e-05]","[-0.013065433155999496, 0.186222164238408, 0.02]","[1.9218181312091742e-05, 1.7276255583065225e-05, 0.0005672230689075172]",0,0.9960784322800421,4.2519038327183655e-05,4.2519038327183655e-05,9.07330052959757e-13,False,True,True,0.6,0.01,"[1.9218181186875065e-05, 1.727625590694135e-05, -3.3764790296189964e-05]","[1.9218181312091458e-05, 1.7276255583064334e-05, -3.376479113444551e-05]",4.251903773651714e-05,4.251903773651714e-05,4.2519038327183655e-05,9.07330052959757e-13,1.3609950795767624e-12
